FeatureID,EngineerID
F002,E021
F002,E007
F001,E001
F013,E011
F011,E001
F012,E014
F005,E015
F014,E004
F011,E010
F004,E025
F009,E015
F002,E014
F012,E023
F002,E018
F013,E001
F001,E024
F007,E017
F008,E018
F013,E008
F004,E013
F009,E024
F009,E019
F014,E007
F002,E017
F005,E008
F004,E024
F001,E009
F011,E011
F009,E001
F004,E015
F009,E023
F015,E013
F010,E002
F011,E012
F014,E012
F011,E016
F005,E020
F001,E022
F015,E004
F003,E023
F011,E025
F008,E023
F005,E019
F012,E018
F010,E016
F011,E019
F006,E009
F015,E009
F015,E002
F004,E010
F009,E007
F006,E018
F014,E014
F004,E016
F009,E010
F011,E014
F003,E005
F013,E004
F004,E017
F003,E009
F004,E009
F004,E008
F008,E017
F009,E021
